;;Visual Properties;;;;;Labels;;;Graph Metrics;Do Not Edit;;Other Columns;;;;;;;;;;;;
Vertex 1;Vertex 2;Color;Width;Style;Opacity;Visibility;Label;Label Text Color;Label Font Size;Reciprocated?;ID;Dynamic Filter;Add Your Own Columns Here;Relationship;Relationship Date (UTC);Tweet;URLs in Tweet;Domains in Tweet;Hashtags in Tweet;Tweet Date (UTC);Twitter Page for Tweet;Latitude;Longitude;Imported ID;In-Reply-To Tweet ID
zlnn_;far_csgo;;;;;;;;;;;;;Mentions;28/05/2022 18:55;@gmafps @LuQz1n @far_csgo listo listo, ya vas a venir a pedirme que jugue con vos contra los locos esos;;;;28/05/2022 18:55;https://twitter.com/#!/zlnn_/status/1530623931454996481;;;1530623931454996481;1530620624791556096
zlnn_;luqz1n;;;;;;;;;;;;;Mentions;28/05/2022 18:55;@gmafps @LuQz1n @far_csgo listo listo, ya vas a venir a pedirme que jugue con vos contra los locos esos;;;;28/05/2022 18:55;https://twitter.com/#!/zlnn_/status/1530623931454996481;;;1530623931454996481;1530620624791556096
zlnn_;gmafps;;;;;;;;;;;;;Replies to;28/05/2022 18:55;@gmafps @LuQz1n @far_csgo listo listo, ya vas a venir a pedirme que jugue con vos contra los locos esos;;;;28/05/2022 18:55;https://twitter.com/#!/zlnn_/status/1530623931454996481;;;1530623931454996481;1530620624791556096
23nearh;ooriime;;;;;;;;;;;;;Mentions;28/05/2022 18:56;@nayteFN @NRKcsgo @sabAAA_CSGO @kheopsZEEER @Ooriime dont drop the big nayte;;;;28/05/2022 18:56;https://twitter.com/#!/23nearh/status/1530623945132724228;;;1530623945132724228;1530617099097460736
23nearh;kheopszeeer;;;;;;;;;;;;;Mentions;28/05/2022 18:56;@nayteFN @NRKcsgo @sabAAA_CSGO @kheopsZEEER @Ooriime dont drop the big nayte;;;;28/05/2022 18:56;https://twitter.com/#!/23nearh/status/1530623945132724228;;;1530623945132724228;1530617099097460736
23nearh;sabaaa_csgo;;;;;;;;;;;;;Mentions;28/05/2022 18:56;@nayteFN @NRKcsgo @sabAAA_CSGO @kheopsZEEER @Ooriime dont drop the big nayte;;;;28/05/2022 18:56;https://twitter.com/#!/23nearh/status/1530623945132724228;;;1530623945132724228;1530617099097460736
23nearh;nrkcsgo;;;;;;;;;;;;;Mentions;28/05/2022 18:56;@nayteFN @NRKcsgo @sabAAA_CSGO @kheopsZEEER @Ooriime dont drop the big nayte;;;;28/05/2022 18:56;https://twitter.com/#!/23nearh/status/1530623945132724228;;;1530623945132724228;1530617099097460736
23nearh;naytefn;;;;;;;;;;;;;Replies to;28/05/2022 18:56;@nayteFN @NRKcsgo @sabAAA_CSGO @kheopsZEEER @Ooriime dont drop the big nayte;;;;28/05/2022 18:56;https://twitter.com/#!/23nearh/status/1530623945132724228;;;1530623945132724228;1530617099097460736
blackmesatrip;sku11ster;;;;;;;;;;;;;Mentions;28/05/2022 18:56;"RT @sku11ster: ?? $22 AK-47 EMPRESS
#CSGOGiveaway  ??

To Enter:

?-Retweet 
?-Like &amp; Sub:
https://t.co/K2LkwpHfVM
(Post Proof)

Good luck ??-…";https://www.youtube.com/watch?v=N4BRw38Bt60&feature=youtu.be;youtube.com;csgogiveaway;28/05/2022 18:56;https://twitter.com/#!/blackmesatrip/status/1530623952304934915;;;1530623952304934915;
txzzinator;olinatorr;;;;;;;;;;;;;Replies to;28/05/2022 18:56;@olinatorr olin best csgo edit;;;;28/05/2022 18:56;https://twitter.com/#!/txzzinator/status/1530623961956028420;;;1530623961956028420;1530617678523670528
yuri02233457;sku11ster;;;;;;;;;;;;;Mentions;28/05/2022 18:56;"RT @sku11ster: ?? $22 AK-47 EMPRESS
#CSGOGiveaway  ??

To Enter:

?-Retweet 
?-Like &amp; Sub:
https://t.co/K2LkwpHfVM
(Post Proof)

Good luck ??-…";https://www.youtube.com/watch?v=N4BRw38Bt60&feature=youtu.be;youtube.com;csgogiveaway;28/05/2022 18:56;https://twitter.com/#!/yuri02233457/status/1530623979710562306;;;1530623979710562306;
lazeyoff;ooriime;;;;;;;;;;;;;Mentions;28/05/2022 18:56;@nayteFN @sabAAA_CSGO @NRKcsgo @kheopsZEEER @Ooriime bj les reufs;;;;28/05/2022 18:56;https://twitter.com/#!/lazeyoff/status/1530623989118382080;;;1530623989118382080;1530617099097460736
lazeyoff;kheopszeeer;;;;;;;;;;;;;Mentions;28/05/2022 18:56;@nayteFN @sabAAA_CSGO @NRKcsgo @kheopsZEEER @Ooriime bj les reufs;;;;28/05/2022 18:56;https://twitter.com/#!/lazeyoff/status/1530623989118382080;;;1530623989118382080;1530617099097460736
lazeyoff;nrkcsgo;;;;;;;;;;;;;Mentions;28/05/2022 18:56;@nayteFN @sabAAA_CSGO @NRKcsgo @kheopsZEEER @Ooriime bj les reufs;;;;28/05/2022 18:56;https://twitter.com/#!/lazeyoff/status/1530623989118382080;;;1530623989118382080;1530617099097460736
lazeyoff;sabaaa_csgo;;;;;;;;;;;;;Mentions;28/05/2022 18:56;@nayteFN @sabAAA_CSGO @NRKcsgo @kheopsZEEER @Ooriime bj les reufs;;;;28/05/2022 18:56;https://twitter.com/#!/lazeyoff/status/1530623989118382080;;;1530623989118382080;1530617099097460736
lazeyoff;naytefn;;;;;;;;;;;;;Replies to;28/05/2022 18:56;@nayteFN @sabAAA_CSGO @NRKcsgo @kheopsZEEER @Ooriime bj les reufs;;;;28/05/2022 18:56;https://twitter.com/#!/lazeyoff/status/1530623989118382080;;;1530623989118382080;1530617099097460736
nayfn_;ooriime;;;;;;;;;;;;;Mentions;28/05/2022 18:56;@nayteFN @NRKcsgo @sabAAA_CSGO @kheopsZEEER @Ooriime GG juste c'est quoi plz ??;;;;28/05/2022 18:56;https://twitter.com/#!/nayfn_/status/1530624019141124097;;;1530624019141124097;1530617099097460736
nayfn_;kheopszeeer;;;;;;;;;;;;;Mentions;28/05/2022 18:56;@nayteFN @NRKcsgo @sabAAA_CSGO @kheopsZEEER @Ooriime GG juste c'est quoi plz ??;;;;28/05/2022 18:56;https://twitter.com/#!/nayfn_/status/1530624019141124097;;;1530624019141124097;1530617099097460736
nayfn_;sabaaa_csgo;;;;;;;;;;;;;Mentions;28/05/2022 18:56;@nayteFN @NRKcsgo @sabAAA_CSGO @kheopsZEEER @Ooriime GG juste c'est quoi plz ??;;;;28/05/2022 18:56;https://twitter.com/#!/nayfn_/status/1530624019141124097;;;1530624019141124097;1530617099097460736
nayfn_;nrkcsgo;;;;;;;;;;;;;Mentions;28/05/2022 18:56;@nayteFN @NRKcsgo @sabAAA_CSGO @kheopsZEEER @Ooriime GG juste c'est quoi plz ??;;;;28/05/2022 18:56;https://twitter.com/#!/nayfn_/status/1530624019141124097;;;1530624019141124097;1530617099097460736
nayfn_;naytefn;;;;;;;;;;;;;Replies to;28/05/2022 18:56;@nayteFN @NRKcsgo @sabAAA_CSGO @kheopsZEEER @Ooriime GG juste c'est quoi plz ??;;;;28/05/2022 18:56;https://twitter.com/#!/nayfn_/status/1530624019141124097;;;1530624019141124097;1530617099097460736
alejandroisbest;madenncs;;;;;;;;;;;;;Mentions;28/05/2022 18:56;"RT @madennCS: NERF ? @madennCS M9 Tiger Tooth GIVEAWAY!
??To enter, make sure that you:
??Follow @NERFapp &amp; @madennCS
??Like ? Retweet this t…";;;;28/05/2022 18:56;https://twitter.com/#!/alejandroisbest/status/1530624025105694720;;;1530624025105694720;
alejandroisbest;nerfapp;;;;;;;;;;;;;Mentions;28/05/2022 18:56;"RT @madennCS: NERF ? @madennCS M9 Tiger Tooth GIVEAWAY!
??To enter, make sure that you:
??Follow @NERFapp &amp; @madennCS
??Like ? Retweet this t…";;;;28/05/2022 18:56;https://twitter.com/#!/alejandroisbest/status/1530624025105694720;;;1530624025105694720;
aqua_xb;sku11ster;;;;;;;;;;;;;Mentions;28/05/2022 18:56;"RT @sku11ster: ?? $22 AK-47 EMPRESS
#CSGOGiveaway  ??

To Enter:

?-Retweet 
?-Like &amp; Sub:
https://t.co/K2LkwpHfVM
(Post Proof)

Good luck ??-…";https://www.youtube.com/watch?v=N4BRw38Bt60&feature=youtu.be;youtube.com;csgogiveaway;28/05/2022 18:56;https://twitter.com/#!/aqua_xb/status/1530624025122197504;;;1530624025122197504;
zakazzzzzzz;manguss_csgo;;;;;;;;;;;;;Mentions;28/05/2022 18:56;@enterprise_esp @eClubBrugge @officialTHELIVE @stinx1337 @h4rncs @BlytzCS @manguss_csgo Ez game ez money glgl;;;;28/05/2022 18:56;https://twitter.com/#!/zakazzzzzzz/status/1530624078566105090;;;1530624078566105090;1530611886034767872
zakazzzzzzz;blytzcs;;;;;;;;;;;;;Mentions;28/05/2022 18:56;@enterprise_esp @eClubBrugge @officialTHELIVE @stinx1337 @h4rncs @BlytzCS @manguss_csgo Ez game ez money glgl;;;;28/05/2022 18:56;https://twitter.com/#!/zakazzzzzzz/status/1530624078566105090;;;1530624078566105090;1530611886034767872
zakazzzzzzz;h4rncs;;;;;;;;;;;;;Mentions;28/05/2022 18:56;@enterprise_esp @eClubBrugge @officialTHELIVE @stinx1337 @h4rncs @BlytzCS @manguss_csgo Ez game ez money glgl;;;;28/05/2022 18:56;https://twitter.com/#!/zakazzzzzzz/status/1530624078566105090;;;1530624078566105090;1530611886034767872
zakazzzzzzz;stinx1337;;;;;;;;;;;;;Mentions;28/05/2022 18:56;@enterprise_esp @eClubBrugge @officialTHELIVE @stinx1337 @h4rncs @BlytzCS @manguss_csgo Ez game ez money glgl;;;;28/05/2022 18:56;https://twitter.com/#!/zakazzzzzzz/status/1530624078566105090;;;1530624078566105090;1530611886034767872
zakazzzzzzz;officialthelive;;;;;;;;;;;;;Mentions;28/05/2022 18:56;@enterprise_esp @eClubBrugge @officialTHELIVE @stinx1337 @h4rncs @BlytzCS @manguss_csgo Ez game ez money glgl;;;;28/05/2022 18:56;https://twitter.com/#!/zakazzzzzzz/status/1530624078566105090;;;1530624078566105090;1530611886034767872
zakazzzzzzz;eclubbrugge;;;;;;;;;;;;;Mentions;28/05/2022 18:56;@enterprise_esp @eClubBrugge @officialTHELIVE @stinx1337 @h4rncs @BlytzCS @manguss_csgo Ez game ez money glgl;;;;28/05/2022 18:56;https://twitter.com/#!/zakazzzzzzz/status/1530624078566105090;;;1530624078566105090;1530611886034767872
zakazzzzzzz;enterprise_esp;;;;;;;;;;;;;Replies to;28/05/2022 18:56;@enterprise_esp @eClubBrugge @officialTHELIVE @stinx1337 @h4rncs @BlytzCS @manguss_csgo Ez game ez money glgl;;;;28/05/2022 18:56;https://twitter.com/#!/zakazzzzzzz/status/1530624078566105090;;;1530624078566105090;1530611886034767872
sschnorcher;sku11ster;;;;;;;;;;;;;Mentions;28/05/2022 18:56;"RT @sku11ster: ?? $22 AK-47 EMPRESS
#CSGOGiveaway  ??

To Enter:

?-Retweet 
?-Like &amp; Sub:
https://t.co/K2LkwpHfVM
(Post Proof)

Good luck ??-…";https://www.youtube.com/watch?v=N4BRw38Bt60&feature=youtu.be;youtube.com;csgogiveaway;28/05/2022 18:56;https://twitter.com/#!/sschnorcher/status/1530624079383904256;;;1530624079383904256;
pandita_csgo;nfl;;;;;;;;;;;;;Mentions;28/05/2022 18:56;RT @Rafeta_Azul: Hoy la UEFA nos está demostrando que están a años luz de la @NFL a nivel organizativo;;;;28/05/2022 18:56;https://twitter.com/#!/pandita_csgo/status/1530624083066503169;;;1530624083066503169;
pandita_csgo;rafeta_azul;;;;;;;;;;;;;Mentions;28/05/2022 18:56;RT @Rafeta_Azul: Hoy la UEFA nos está demostrando que están a años luz de la @NFL a nivel organizativo;;;;28/05/2022 18:56;https://twitter.com/#!/pandita_csgo/status/1530624083066503169;;;1530624083066503169;
douffyz;deussfn;;;;;;;;;;;;;Replies to;28/05/2022 18:56;@deussfn @nayteFN @NRKcsgo @sabAAA_CSGO @kheopsZEEER @Ooriime Fb;;;;28/05/2022 18:56;https://twitter.com/#!/douffyz/status/1530624134924886016;;;1530624134924886016;1530617532763226113
douffyz;ooriime;;;;;;;;;;;;;Mentions;28/05/2022 18:56;@deussfn @nayteFN @NRKcsgo @sabAAA_CSGO @kheopsZEEER @Ooriime Fb;;;;28/05/2022 18:56;https://twitter.com/#!/douffyz/status/1530624134924886016;;;1530624134924886016;1530617532763226113
douffyz;kheopszeeer;;;;;;;;;;;;;Mentions;28/05/2022 18:56;@deussfn @nayteFN @NRKcsgo @sabAAA_CSGO @kheopsZEEER @Ooriime Fb;;;;28/05/2022 18:56;https://twitter.com/#!/douffyz/status/1530624134924886016;;;1530624134924886016;1530617532763226113
douffyz;sabaaa_csgo;;;;;;;;;;;;;Mentions;28/05/2022 18:56;@deussfn @nayteFN @NRKcsgo @sabAAA_CSGO @kheopsZEEER @Ooriime Fb;;;;28/05/2022 18:56;https://twitter.com/#!/douffyz/status/1530624134924886016;;;1530624134924886016;1530617532763226113
douffyz;nrkcsgo;;;;;;;;;;;;;Mentions;28/05/2022 18:56;@deussfn @nayteFN @NRKcsgo @sabAAA_CSGO @kheopsZEEER @Ooriime Fb;;;;28/05/2022 18:56;https://twitter.com/#!/douffyz/status/1530624134924886016;;;1530624134924886016;1530617532763226113
douffyz;naytefn;;;;;;;;;;;;;Mentions;28/05/2022 18:56;@deussfn @nayteFN @NRKcsgo @sabAAA_CSGO @kheopsZEEER @Ooriime Fb;;;;28/05/2022 18:56;https://twitter.com/#!/douffyz/status/1530624134924886016;;;1530624134924886016;1530617532763226113
moumix;sku11ster;;;;;;;;;;;;;Mentions;28/05/2022 18:56;"RT @sku11ster: ?? $22 AK-47 EMPRESS
#CSGOGiveaway  ??

To Enter:

?-Retweet 
?-Like &amp; Sub:
https://t.co/K2LkwpHfVM
(Post Proof)

Good luck ??-…";https://www.youtube.com/watch?v=N4BRw38Bt60&feature=youtu.be;youtube.com;csgogiveaway;28/05/2022 18:56;https://twitter.com/#!/moumix/status/1530624157037240321;;;1530624157037240321;
andrelelegg;csgohistories;;;;;;;;;;;;;Mentions;28/05/2022 18:56;"RT @CSGOhistories: FIRST VITALITY CSGO ROSTER

ZywOo, apEX, NbK, Happy, https://t.co/JitNfrDqzy";;;;28/05/2022 18:56;https://twitter.com/#!/andrelelegg/status/1530624173558620164;;;1530624173558620164;
stfuregular;markcsgoyt;;;;;;;;;;;;;Mentions;28/05/2022 18:56;"RT @sku11ster: ?? AK-47 Slate (FN)
#CSGOGiveaway  ??

To Enter:

?-Retweet &amp; Follow: @Markcsgoyt
?-Like &amp; Sub:
https://t.co/plnEqjIEyO
(Post…";https://www.youtube.com/watch?v=OgSuM_IE_cM&feature=youtu.be;youtube.com;csgogiveaway;28/05/2022 18:56;https://twitter.com/#!/stfuregular/status/1530624041245356032;;;1530624041245356032;
stfuregular;sku11ster;;;;;;;;;;;;;Mentions;28/05/2022 18:56;"RT @sku11ster: ?? AK-47 Slate (FN)
#CSGOGiveaway  ??

To Enter:

?-Retweet &amp; Follow: @Markcsgoyt
?-Like &amp; Sub:
https://t.co/plnEqjIEyO
(Post…";https://www.youtube.com/watch?v=OgSuM_IE_cM&feature=youtu.be;youtube.com;csgogiveaway;28/05/2022 18:56;https://twitter.com/#!/stfuregular/status/1530624041245356032;;;1530624041245356032;
stfuregular;sku11ster;;;;;;;;;;;;;Mentions;28/05/2022 18:57;"RT @sku11ster: ?? AK-47 NEON REVOLUTION
#CSGOGiveaway  ??

To Enter:

?-Retweet 
?-Like &amp; Sub:
https://t.co/5DTATznIzL
(Post Proof)

Good luc…";https://www.youtube.com/watch?v=qDsM362JZ8A&feature=youtu.be;youtube.com;csgogiveaway;28/05/2022 18:57;https://twitter.com/#!/stfuregular/status/1530624215757783040;;;1530624215757783040;
toxic_csgo;ricpuglisi;;;;;;;;;;;;;Mentions;28/05/2022 18:57;@simonefurlan1 @ricpuglisi Come tutti i fratellini d'Italia fai a gara per rimanere un ignorante.;;;;28/05/2022 18:57;https://twitter.com/#!/toxic_csgo/status/1530624225316421633;;;1530624225316421633;1530620595339157507
toxic_csgo;simonefurlan1;;;;;;;;;;;;;Replies to;28/05/2022 18:57;@simonefurlan1 @ricpuglisi Come tutti i fratellini d'Italia fai a gara per rimanere un ignorante.;;;;28/05/2022 18:57;https://twitter.com/#!/toxic_csgo/status/1530624225316421633;;;1530624225316421633;1530620595339157507
davwip;slx_csgo;;;;;;;;;;;;;Mentions;28/05/2022 18:57;"RT @kelp1x: MORE GIVEAWAYS!

?? 5350 VALORANT POINT GIVEAWAY ($50) ??

To Enter: 

- Follow 
@kelp1x

 &amp; 
@SLX_CSGO 
 
 ?
- Like + RT this tw…";;;;28/05/2022 18:57;https://twitter.com/#!/davwip/status/1530624194584555521;;;1530624194584555521;
davwip;slx_csgo;;;;;;;;;;;;;Mentions;28/05/2022 18:57;@kelp1x @SLX_CSGO Reaver;;;;28/05/2022 18:57;https://twitter.com/#!/davwip/status/1530624242370289664;;;1530624242370289664;1530614506920894464
davwip;kelp1x;;;;;;;;;;;;;Mentions;28/05/2022 18:57;"RT @kelp1x: MORE GIVEAWAYS!

?? 5350 VALORANT POINT GIVEAWAY ($50) ??

To Enter: 

- Follow 
@kelp1x

 &amp; 
@SLX_CSGO 
 
 ?
- Like + RT this tw…";;;;28/05/2022 18:57;https://twitter.com/#!/davwip/status/1530624194584555521;;;1530624194584555521;
davwip;kelp1x;;;;;;;;;;;;;Replies to;28/05/2022 18:57;@kelp1x @SLX_CSGO Reaver;;;;28/05/2022 18:57;https://twitter.com/#!/davwip/status/1530624242370289664;;;1530624242370289664;1530614506920894464
kyrtexx;kyrtexx;;;;;;;;;;;;;Tweet;28/05/2022 18:57;"#CSGO #FUN #FRIENDS
First game of the Night. https://t.co/XrFUaOYR1B";;;csgo fun friends;28/05/2022 18:57;https://twitter.com/#!/kyrtexx/status/1530624261873971200;;;1530624261873971200;
zzarbu;sku11ster;;;;;;;;;;;;;Mentions;28/05/2022 18:57;"RT @sku11ster: ?? $22 AK-47 EMPRESS
#CSGOGiveaway  ??

To Enter:

?-Retweet 
?-Like &amp; Sub:
https://t.co/K2LkwpHfVM
(Post Proof)

Good luck ??-…";https://www.youtube.com/watch?v=N4BRw38Bt60&feature=youtu.be;youtube.com;csgogiveaway;28/05/2022 18:57;https://twitter.com/#!/zzarbu/status/1530624271680159755;;;1530624271680159755;
kthejast17;sku11ster;;;;;;;;;;;;;Mentions;28/05/2022 18:57;"RT @sku11ster: ?? $22 AK-47 EMPRESS
#CSGOGiveaway  ??

To Enter:

?-Retweet 
?-Like &amp; Sub:
https://t.co/K2LkwpHfVM
(Post Proof)

Good luck ??-…";https://www.youtube.com/watch?v=N4BRw38Bt60&feature=youtu.be;youtube.com;csgogiveaway;28/05/2022 18:57;https://twitter.com/#!/kthejast17/status/1530624272976445441;;;1530624272976445441;
d4n1kaa17;stewie;;;;;;;;;;;;;Replies to;28/05/2022 18:57;@Stewie i miss you so much ur 1/2 of my favourite csgo players;;;;28/05/2022 18:57;https://twitter.com/#!/d4n1kaa17/status/1530624273349492739;;;1530624273349492739;
pimp_csgo;pimp_csgo;;;;;;;;;;;;;Tweet;28/05/2022 18:57;At Aleksander ?eferin og UEFA programsætter en Champions League Finale, på samme dag som Aalborg karneval, er et fu… https://t.co/4r3IQcE899;https://twitter.com/i/web/status/1530624327535689728;twitter.com;;28/05/2022 18:57;https://twitter.com/#!/pimp_csgo/status/1530624327535689728;;;1530624327535689728;
068654381w;068654381w;;;;;;;;;;;;;Tweet;28/05/2022 18:57;"????????????????????
?k?????????
???????????Selfy?ID?XXWDO 
#???#CSGO #AVA #SA #WM #????????XXWDO  #????????";;;?? csgo ava sa wm ??????? ????;28/05/2022 18:57;https://twitter.com/#!/068654381w/status/1530624339011321856;;;1530624339011321856;
lfunboy;sku11ster;;;;;;;;;;;;;Mentions;28/05/2022 18:57;"RT @sku11ster: ?? $22 AK-47 EMPRESS
#CSGOGiveaway  ??

To Enter:

?-Retweet 
?-Like &amp; Sub:
https://t.co/K2LkwpHfVM
(Post Proof)

Good luck ??-…";https://www.youtube.com/watch?v=N4BRw38Bt60&feature=youtu.be;youtube.com;csgogiveaway;28/05/2022 18:57;https://twitter.com/#!/lfunboy/status/1530624206882459650;;;1530624206882459650;
lfunboy;tonyeditss;;;;;;;;;;;;;Mentions;28/05/2022 18:57;"RT @tonyeditss: ??? Hand Wraps | Desert Shamagh [FT] Skin Giveaway
??Follow me
??Like &amp; RT
??Show love on my new video.
(must leave proof)
h…";;;;28/05/2022 18:57;https://twitter.com/#!/lfunboy/status/1530624348201033731;;;1530624348201033731;
ranukryan;theswarmes;;;;;;;;;;;;;Mentions;28/05/2022 18:57;"RT @zofuCS: •????????SWARM VICTORY????????•

@TheSwarmES 19 &gt; 16 DDG 

?We take the win with our sub and continue to swarm towards playoffs?

#TheS…";;;;28/05/2022 18:57;https://twitter.com/#!/ranukryan/status/1530624366492278784;;;1530624366492278784;
ranukryan;zofucs;;;;;;;;;;;;;Mentions;28/05/2022 18:57;"RT @zofuCS: •????????SWARM VICTORY????????•

@TheSwarmES 19 &gt; 16 DDG 

?We take the win with our sub and continue to swarm towards playoffs?

#TheS…";;;;28/05/2022 18:57;https://twitter.com/#!/ranukryan/status/1530624366492278784;;;1530624366492278784;
fpllivematches;fpllivematches;;;;;;;;;;;;;Tweet;28/05/2022 18:57;"?? A match is ready to start !

?? BELCHONOKK
?? T4gg3D_
?? flameZ-
?? SENSEi-_-
?? fANDER

?? smooya
?? dgl
?? shushan
?? jo… https://t.co/vhVu8aGdDy";https://twitter.com/i/web/status/1530624389456306180;twitter.com;;28/05/2022 18:57;https://twitter.com/#!/fpllivematches/status/1530624389456306180;;;1530624389456306180;
zenkymlz;asscdawn;;;;;;;;;;;;;Mentions;28/05/2022 18:57;"RT @hellcasecom: ?? Tag The Best Friend &amp; Like
?? Follow us
?? Retweet this post
?? The last winner was @asscdawn 
 
#hellcase #csgo #csgoskin…";;;hellcase csgo csgoskin;28/05/2022 18:57;https://twitter.com/#!/zenkymlz/status/1530624401070247944;;;1530624401070247944;
zenkymlz;hellcasecom;;;;;;;;;;;;;Mentions;28/05/2022 18:57;"RT @hellcasecom: ?? Tag The Best Friend &amp; Like
?? Follow us
?? Retweet this post
?? The last winner was @asscdawn 
 
#hellcase #csgo #csgoskin…";;;hellcase csgo csgoskin;28/05/2022 18:57;https://twitter.com/#!/zenkymlz/status/1530624401070247944;;;1530624401070247944;
solelystingray;kedonski_csgo;;;;;;;;;;;;;Mentions;28/05/2022 18:58;@PESTOBOI @JunkieCSGO @Kedonski_CSGO How about $50 of no frills coupons;;;;28/05/2022 18:58;https://twitter.com/#!/solelystingray/status/1530624485015134208;;;1530624485015134208;1530583702434197505
solelystingray;junkiecsgo;;;;;;;;;;;;;Mentions;28/05/2022 18:58;@PESTOBOI @JunkieCSGO @Kedonski_CSGO How about $50 of no frills coupons;;;;28/05/2022 18:58;https://twitter.com/#!/solelystingray/status/1530624485015134208;;;1530624485015134208;1530583702434197505
solelystingray;pestoboi;;;;;;;;;;;;;Replies to;28/05/2022 18:58;@PESTOBOI @JunkieCSGO @Kedonski_CSGO How about $50 of no frills coupons;;;;28/05/2022 18:58;https://twitter.com/#!/solelystingray/status/1530624485015134208;;;1530624485015134208;1530583702434197505
focuseq;society_gg;;;;;;;;;;;;;Mentions;28/05/2022 18:58;"RT @Society_gg: ??AWP Asiimov GIVEAWAY ($120)??

To enter:
-Retweet &amp; Follow @Society_gg
-Tag 2 friends

??Claim free $0.5 here: https://t.co/…";;;;28/05/2022 18:58;https://twitter.com/#!/focuseq/status/1530624505198043136;;;1530624505198043136;
volksgner;volksgner;;;;;;;;;;;;;Tweet;28/05/2022 18:58;cr7 ta jogando csgo;;;;28/05/2022 18:58;https://twitter.com/#!/volksgner/status/1530624519039336450;;;1530624519039336450;
iimnerox;ooriime;;;;;;;;;;;;;Mentions;28/05/2022 18:58;@nayteFN @NRKcsgo @sabAAA_CSGO @kheopsZEEER @Ooriime gg;;;;28/05/2022 18:58;https://twitter.com/#!/iimnerox/status/1530624574068600832;;;1530624574068600832;1530617099097460736
iimnerox;kheopszeeer;;;;;;;;;;;;;Mentions;28/05/2022 18:58;@nayteFN @NRKcsgo @sabAAA_CSGO @kheopsZEEER @Ooriime gg;;;;28/05/2022 18:58;https://twitter.com/#!/iimnerox/status/1530624574068600832;;;1530624574068600832;1530617099097460736
iimnerox;sabaaa_csgo;;;;;;;;;;;;;Mentions;28/05/2022 18:58;@nayteFN @NRKcsgo @sabAAA_CSGO @kheopsZEEER @Ooriime gg;;;;28/05/2022 18:58;https://twitter.com/#!/iimnerox/status/1530624574068600832;;;1530624574068600832;1530617099097460736
iimnerox;nrkcsgo;;;;;;;;;;;;;Mentions;28/05/2022 18:58;@nayteFN @NRKcsgo @sabAAA_CSGO @kheopsZEEER @Ooriime gg;;;;28/05/2022 18:58;https://twitter.com/#!/iimnerox/status/1530624574068600832;;;1530624574068600832;1530617099097460736
iimnerox;naytefn;;;;;;;;;;;;;Replies to;28/05/2022 18:58;@nayteFN @NRKcsgo @sabAAA_CSGO @kheopsZEEER @Ooriime gg;;;;28/05/2022 18:58;https://twitter.com/#!/iimnerox/status/1530624574068600832;;;1530624574068600832;1530617099097460736
fnxmcnoob;glaze_cs;;;;;;;;;;;;;Mentions;28/05/2022 18:58;"RT @ukcsgo: Massive thanks to our first batch of experts:
@allan_hender
@kingmezii
@YouM3tv
@Juve_csgo
@_EMPERORcs
@Glaze_CS
@FnxMcnoob
@Tr…";;;;28/05/2022 18:58;https://twitter.com/#!/fnxmcnoob/status/1530624604301103104;;;1530624604301103104;
fnxmcnoob;_emperorcs;;;;;;;;;;;;;Mentions;28/05/2022 18:58;"RT @ukcsgo: Massive thanks to our first batch of experts:
@allan_hender
@kingmezii
@YouM3tv
@Juve_csgo
@_EMPERORcs
@Glaze_CS
@FnxMcnoob
@Tr…";;;;28/05/2022 18:58;https://twitter.com/#!/fnxmcnoob/status/1530624604301103104;;;1530624604301103104;
fnxmcnoob;juve_csgo;;;;;;;;;;;;;Mentions;28/05/2022 18:58;"RT @ukcsgo: Massive thanks to our first batch of experts:
@allan_hender
@kingmezii
@YouM3tv
@Juve_csgo
@_EMPERORcs
@Glaze_CS
@FnxMcnoob
@Tr…";;;;28/05/2022 18:58;https://twitter.com/#!/fnxmcnoob/status/1530624604301103104;;;1530624604301103104;
fnxmcnoob;youm3tv;;;;;;;;;;;;;Mentions;28/05/2022 18:58;"RT @ukcsgo: Massive thanks to our first batch of experts:
@allan_hender
@kingmezii
@YouM3tv
@Juve_csgo
@_EMPERORcs
@Glaze_CS
@FnxMcnoob
@Tr…";;;;28/05/2022 18:58;https://twitter.com/#!/fnxmcnoob/status/1530624604301103104;;;1530624604301103104;
fnxmcnoob;kingmezii;;;;;;;;;;;;;Mentions;28/05/2022 18:58;"RT @ukcsgo: Massive thanks to our first batch of experts:
@allan_hender
@kingmezii
@YouM3tv
@Juve_csgo
@_EMPERORcs
@Glaze_CS
@FnxMcnoob
@Tr…";;;;28/05/2022 18:58;https://twitter.com/#!/fnxmcnoob/status/1530624604301103104;;;1530624604301103104;
fnxmcnoob;allan_hender;;;;;;;;;;;;;Mentions;28/05/2022 18:58;"RT @ukcsgo: Massive thanks to our first batch of experts:
@allan_hender
@kingmezii
@YouM3tv
@Juve_csgo
@_EMPERORcs
@Glaze_CS
@FnxMcnoob
@Tr…";;;;28/05/2022 18:58;https://twitter.com/#!/fnxmcnoob/status/1530624604301103104;;;1530624604301103104;
fnxmcnoob;ukcsgo;;;;;;;;;;;;;Mentions;28/05/2022 18:58;"RT @ukcsgo: Massive thanks to our first batch of experts:
@allan_hender
@kingmezii
@YouM3tv
@Juve_csgo
@_EMPERORcs
@Glaze_CS
@FnxMcnoob
@Tr…";;;;28/05/2022 18:58;https://twitter.com/#!/fnxmcnoob/status/1530624604301103104;;;1530624604301103104;
brianso29260688;nikara6bets;;;;;;;;;;;;;Mentions;28/05/2022 18:58;"RT @rgLyCS: ??$25 AK-47 | Asiimov??

To enter:
?Retweet &amp; Like,
?Follow: @rgLyCS, @Nikara6Bets,
?Like &amp; Comment: https://t.co/eAMycP7P7K.

??G…";https://vm.tiktok.com/ZMLouBaFY/?k=1;tiktok.com;;28/05/2022 18:58;https://twitter.com/#!/brianso29260688/status/1530624654959947782;;;1530624654959947782;
brianso29260688;rglycs;;;;;;;;;;;;;Mentions;28/05/2022 18:58;"RT @rgLyCS: ??$25 AK-47 | Asiimov??

To enter:
?Retweet &amp; Like,
?Follow: @rgLyCS, @Nikara6Bets,
?Like &amp; Comment: https://t.co/eAMycP7P7K.

??G…";https://vm.tiktok.com/ZMLouBaFY/?k=1;tiktok.com;;28/05/2022 18:58;https://twitter.com/#!/brianso29260688/status/1530624654959947782;;;1530624654959947782;
brianso29260688;gallecsgo;;;;;;;;;;;;;Mentions;28/05/2022 18:57;"RT @GalleCsgo: ?? CS:GO GIVEAWAY ??

 ??DESERT EAGLE TRIGGER DISCUPLINE FT STT ?? 

?? TO ENTER:

? Follow me + Retweet

? Like + Coment + Sub…";;;;28/05/2022 18:57;https://twitter.com/#!/brianso29260688/status/1530624242861199362;;;1530624242861199362;
roxorr2;sku11ster;;;;;;;;;;;;;Mentions;28/05/2022 18:58;"RT @sku11ster: ?? $22 AK-47 EMPRESS
#CSGOGiveaway  ??

To Enter:

?-Retweet 
?-Like &amp; Sub:
https://t.co/K2LkwpHfVM
(Post Proof)

Good luck ??-…";https://www.youtube.com/watch?v=N4BRw38Bt60&feature=youtu.be;youtube.com;csgogiveaway;28/05/2022 18:58;https://twitter.com/#!/roxorr2/status/1530624658327973891;;;1530624658327973891;
yazicikenann;kaxrame1;;;;;;;;;;;;;Mentions;28/05/2022 18:58;"RT @KAXRAME1: ?? M4A4 | Emperor GIVEAWAY 
? RETWEET + FOLLOW
? LIKE 
https://t.co/7g5DiMnhEZ
 (show proof)
ENDS IN 96 HOURS
#CSGO   #CSGOGiv…";https://www.youtube.com/watch?v=QWW_eYa5ZZQ;youtube.com;csgo;28/05/2022 18:58;https://twitter.com/#!/yazicikenann/status/1530624679244877826;;;1530624679244877826;
lo_urc;refflexon;;;;;;;;;;;;;Mentions;28/05/2022 18:57;"RT @refflexon: ?? Glock-18 | Vogue [FT] GIVEAWAY ??

To enter:

?? Retweet
?? Follow me 
?? Tag a friend

?? Ends in 7 days

#CSGO #CSGOGiveaway…";;;csgo csgogiveaway;28/05/2022 18:57;https://twitter.com/#!/lo_urc/status/1530624217544286210;;;1530624217544286210;
lo_urc;venixgives;;;;;;;;;;;;;Mentions;28/05/2022 18:58;"RT @GhostGives: StatTrak AWP | HYPERBEAST
Giveaway??
(250$)

To do:
- retweet
- follow me &amp; @VenixGives 
- tag 2 friends
- turn on notificat…";;;;28/05/2022 18:58;https://twitter.com/#!/lo_urc/status/1530624679387570178;;;1530624679387570178;
lo_urc;ghostgives;;;;;;;;;;;;;Mentions;28/05/2022 18:58;"RT @GhostGives: StatTrak AWP | HYPERBEAST
Giveaway??
(250$)

To do:
- retweet
- follow me &amp; @VenixGives 
- tag 2 friends
- turn on notificat…";;;;28/05/2022 18:58;https://twitter.com/#!/lo_urc/status/1530624679387570178;;;1530624679387570178;
logut008;idleheroestt;;;;;;;;;;;;;Mentions;28/05/2022 18:55;"RT @IdleHeroesTT: ??60$ StatTrak™ USP-S | Neo-Noir GIVEAWAY??

??Follow Me
??RT + TAG 1 
??Show some Love on the new CSBRO video!
(must show…";;;;28/05/2022 18:55;https://twitter.com/#!/logut008/status/1530623898538151938;;;1530623898538151938;
logut008;asscdawn;;;;;;;;;;;;;Mentions;28/05/2022 18:58;"RT @hellcasecom: ?? Tag The Best Friend &amp; Like
?? Follow us
?? Retweet this post
?? The last winner was @asscdawn 
 
#hellcase #csgo #csgoskin…";;;hellcase csgo csgoskin;28/05/2022 18:58;https://twitter.com/#!/logut008/status/1530624680993988611;;;1530624680993988611;
logut008;hellcasecom;;;;;;;;;;;;;Mentions;28/05/2022 18:58;"RT @hellcasecom: ?? Tag The Best Friend &amp; Like
?? Follow us
?? Retweet this post
?? The last winner was @asscdawn 
 
#hellcase #csgo #csgoskin…";;;hellcase csgo csgoskin;28/05/2022 18:58;https://twitter.com/#!/logut008/status/1530624680993988611;;;1530624680993988611;
icy_rapture;icy_rapture;;;;;;;;;;;;;Tweet;28/05/2022 18:59;who wants to play CSGO any rank (we have 3 people that have never seen sunlight irl);;;;28/05/2022 18:59;https://twitter.com/#!/icy_rapture/status/1530624718482685952;;;1530624718482685952;
qelzu;youtube;;;;;;;;;;;;;Mentions;28/05/2022 18:59;@tarik @YouTube you lost on valorant but boston major winner mvp cant lose in csgo;;;;28/05/2022 18:59;https://twitter.com/#!/qelzu/status/1530624713663590400;;;1530624713663590400;1530622829384847360
qelzu;tarik;;;;;;;;;;;;;Replies to;28/05/2022 18:59;@tarik @YouTube you lost on valorant but boston major winner mvp cant lose in csgo;;;;28/05/2022 18:59;https://twitter.com/#!/qelzu/status/1530624713663590400;;;1530624713663590400;1530622829384847360
qelzu;youtube;;;;;;;;;;;;;Mentions;28/05/2022 18:59;"RT @tarik: Can 1 Pro Beat 3 Noobs in CSGO? | BROS vs PROS | ft. Ludwig, Atrioc &amp; Stanz https://t.co/iDCGNi5b7j via @YouTube";https://www.youtube.com/watch?v=ZcD58psaSOI&feature=youtu.be;youtube.com;;28/05/2022 18:59;https://twitter.com/#!/qelzu/status/1530624728846811136;;;1530624728846811136;
qelzu;tarik;;;;;;;;;;;;;Mentions;28/05/2022 18:59;"RT @tarik: Can 1 Pro Beat 3 Noobs in CSGO? | BROS vs PROS | ft. Ludwig, Atrioc &amp; Stanz https://t.co/iDCGNi5b7j via @YouTube";https://www.youtube.com/watch?v=ZcD58psaSOI&feature=youtu.be;youtube.com;;28/05/2022 18:59;https://twitter.com/#!/qelzu/status/1530624728846811136;;;1530624728846811136;
masterleaguept;rmn_csgo;;;;;;;;;;;;;Mentions;28/05/2022 18:59;@ESC_ESConline @asusrogpt @Offset_Esports @sawggofficial @rtparena @Exeedme @PIKA_official_ @itsBhT @rmn_csgo… https://t.co/TA4OFkjpgf;https://twitter.com/i/web/status/1530624740695711745;twitter.com;;28/05/2022 18:59;https://twitter.com/#!/masterleaguept/status/1530624740695711745;;;1530624740695711745;1530619501926023169
masterleaguept;itsbht;;;;;;;;;;;;;Mentions;28/05/2022 18:59;@ESC_ESConline @asusrogpt @Offset_Esports @sawggofficial @rtparena @Exeedme @PIKA_official_ @itsBhT @rmn_csgo… https://t.co/TA4OFkjpgf;https://twitter.com/i/web/status/1530624740695711745;twitter.com;;28/05/2022 18:59;https://twitter.com/#!/masterleaguept/status/1530624740695711745;;;1530624740695711745;1530619501926023169
masterleaguept;pika_official_;;;;;;;;;;;;;Mentions;28/05/2022 18:59;@ESC_ESConline @asusrogpt @Offset_Esports @sawggofficial @rtparena @Exeedme @PIKA_official_ @itsBhT @rmn_csgo… https://t.co/TA4OFkjpgf;https://twitter.com/i/web/status/1530624740695711745;twitter.com;;28/05/2022 18:59;https://twitter.com/#!/masterleaguept/status/1530624740695711745;;;1530624740695711745;1530619501926023169
masterleaguept;exeedme;;;;;;;;;;;;;Mentions;28/05/2022 18:59;@ESC_ESConline @asusrogpt @Offset_Esports @sawggofficial @rtparena @Exeedme @PIKA_official_ @itsBhT @rmn_csgo… https://t.co/TA4OFkjpgf;https://twitter.com/i/web/status/1530624740695711745;twitter.com;;28/05/2022 18:59;https://twitter.com/#!/masterleaguept/status/1530624740695711745;;;1530624740695711745;1530619501926023169
masterleaguept;rtparena;;;;;;;;;;;;;Mentions;28/05/2022 18:59;@ESC_ESConline @asusrogpt @Offset_Esports @sawggofficial @rtparena @Exeedme @PIKA_official_ @itsBhT @rmn_csgo… https://t.co/TA4OFkjpgf;https://twitter.com/i/web/status/1530624740695711745;twitter.com;;28/05/2022 18:59;https://twitter.com/#!/masterleaguept/status/1530624740695711745;;;1530624740695711745;1530619501926023169
masterleaguept;sawggofficial;;;;;;;;;;;;;Mentions;28/05/2022 18:59;@ESC_ESConline @asusrogpt @Offset_Esports @sawggofficial @rtparena @Exeedme @PIKA_official_ @itsBhT @rmn_csgo… https://t.co/TA4OFkjpgf;https://twitter.com/i/web/status/1530624740695711745;twitter.com;;28/05/2022 18:59;https://twitter.com/#!/masterleaguept/status/1530624740695711745;;;1530624740695711745;1530619501926023169
masterleaguept;offset_esports;;;;;;;;;;;;;Mentions;28/05/2022 18:59;@ESC_ESConline @asusrogpt @Offset_Esports @sawggofficial @rtparena @Exeedme @PIKA_official_ @itsBhT @rmn_csgo… https://t.co/TA4OFkjpgf;https://twitter.com/i/web/status/1530624740695711745;twitter.com;;28/05/2022 18:59;https://twitter.com/#!/masterleaguept/status/1530624740695711745;;;1530624740695711745;1530619501926023169
masterleaguept;asusrogpt;;;;;;;;;;;;;Mentions;28/05/2022 18:59;@ESC_ESConline @asusrogpt @Offset_Esports @sawggofficial @rtparena @Exeedme @PIKA_official_ @itsBhT @rmn_csgo… https://t.co/TA4OFkjpgf;https://twitter.com/i/web/status/1530624740695711745;twitter.com;;28/05/2022 18:59;https://twitter.com/#!/masterleaguept/status/1530624740695711745;;;1530624740695711745;1530619501926023169
masterleaguept;esc_esconline;;;;;;;;;;;;;Replies to;28/05/2022 18:59;@ESC_ESConline @asusrogpt @Offset_Esports @sawggofficial @rtparena @Exeedme @PIKA_official_ @itsBhT @rmn_csgo… https://t.co/TA4OFkjpgf;https://twitter.com/i/web/status/1530624740695711745;twitter.com;;28/05/2022 18:59;https://twitter.com/#!/masterleaguept/status/1530624740695711745;;;1530624740695711745;1530619501926023169
tiger_csgo;formulalena;;;;;;;;;;;;;Replies to;28/05/2022 18:59;@FormulaLena Jedes mal ein Erlebnis ?? https://t.co/MC0CCRETAR;;;;28/05/2022 18:59;https://twitter.com/#!/tiger_csgo/status/1530624748060823552;;;1530624748060823552;1530554672775413760
0wnplays;0wnplays;;;;;;;;;;;;;Tweet;28/05/2022 18:59;"quick little rage bet…

#CSGO #DFS #GamblingTwitter #PlayerProps #PrizePicks #VALORANT https://t.co/m1DDjOc6oX";;;csgo dfs gamblingtwitter playerprops prizepicks valorant;28/05/2022 18:59;https://twitter.com/#!/0wnplays/status/1530624766545014784;;;1530624766545014784;
daniii_garciaaa;_pitu_;;;;;;;;;;;;;Replies to;28/05/2022 18:59;@_Pitu_ CSGO players*;;;;28/05/2022 18:59;https://twitter.com/#!/daniii_garciaaa/status/1530624768835305476;;;1530624768835305476;1530624360930754566
ferinac_marko;csgotrip_;;;;;;;;;;;;;Mentions;28/05/2022 18:58;"RT @csgotrip_: AK-47 | Rat Rod Giveaway! ????

To Enter:

1?? Retweet + Follow Us
2?? Tag 3 Friends
3?? Show some love on video: https://t.co…";;;;28/05/2022 18:58;https://twitter.com/#!/ferinac_marko/status/1530624534889517058;;;1530624534889517058;
ferinac_marko;csgotrip_;;;;;;;;;;;;;Mentions;28/05/2022 18:59;"RT @csgotrip_: USP-S | Cortex Giveaway! ??

To Enter:

1?? Retweet + Follow Us
2?? Tag 3 Friends
3?? Show some love on video: https://t.co/k…";;;;28/05/2022 18:59;https://twitter.com/#!/ferinac_marko/status/1530624771318243330;;;1530624771318243330;
ferinac_marko;sku11ster;;;;;;;;;;;;;Mentions;28/05/2022 18:55;"RT @sku11ster: ?? AK-47 NEON REVOLUTION
#CSGOGiveaway  ??

To Enter:

?-Retweet 
?-Like &amp; Sub:
https://t.co/5DTATznIzL
(Post Proof)

Good luc…";https://www.youtube.com/watch?v=qDsM362JZ8A&feature=youtu.be;youtube.com;csgogiveaway;28/05/2022 18:55;https://twitter.com/#!/ferinac_marko/status/1530623926946217984;;;1530623926946217984;
ferinac_marko;markcsgoyt;;;;;;;;;;;;;Mentions;28/05/2022 18:56;"RT @sku11ster: ?? AK-47 Slate (FN)
#CSGOGiveaway  ??

To Enter:

?-Retweet &amp; Follow: @Markcsgoyt
?-Like &amp; Sub:
https://t.co/plnEqjIEyO
(Post…";https://www.youtube.com/watch?v=OgSuM_IE_cM&feature=youtu.be;youtube.com;csgogiveaway;28/05/2022 18:56;https://twitter.com/#!/ferinac_marko/status/1530624055086305280;;;1530624055086305280;
ferinac_marko;sku11ster;;;;;;;;;;;;;Mentions;28/05/2022 18:56;"RT @sku11ster: ?? AK-47 Slate (FN)
#CSGOGiveaway  ??

To Enter:

?-Retweet &amp; Follow: @Markcsgoyt
?-Like &amp; Sub:
https://t.co/plnEqjIEyO
(Post…";https://www.youtube.com/watch?v=OgSuM_IE_cM&feature=youtu.be;youtube.com;csgogiveaway;28/05/2022 18:56;https://twitter.com/#!/ferinac_marko/status/1530624055086305280;;;1530624055086305280;
ferinac_marko;sku11ster;;;;;;;;;;;;;Mentions;28/05/2022 18:57;"RT @sku11ster: ?? M4A1S HYPERBEAST
#CSGOGiveaway  ??

To Enter:

?-Retweet 
?-Like &amp; Sub:
https://t.co/kCC6E1mZ6q
(Post Proof)

Good luck ??-E…";https://www.youtube.com/watch?v=4SvKLKIN29c&feature=youtu.be;youtube.com;csgogiveaway;28/05/2022 18:57;https://twitter.com/#!/ferinac_marko/status/1530624221759537154;;;1530624221759537154;
lo_fi_urc;refflexon;;;;;;;;;;;;;Mentions;28/05/2022 18:56;"RT @refflexon: ?? Glock-18 | Vogue [FT] GIVEAWAY ??

To enter:

?? Retweet
?? Follow me 
?? Tag a friend

?? Ends in 7 days

#CSGO #CSGOGiveaway…";;;csgo csgogiveaway;28/05/2022 18:56;https://twitter.com/#!/lo_fi_urc/status/1530624172803727361;;;1530624172803727361;
lo_fi_urc;venixgives;;;;;;;;;;;;;Mentions;28/05/2022 18:59;"RT @GhostGives: StatTrak AWP | HYPERBEAST
Giveaway??
(250$)

To do:
- retweet
- follow me &amp; @VenixGives 
- tag 2 friends
- turn on notificat…";;;;28/05/2022 18:59;https://twitter.com/#!/lo_fi_urc/status/1530624817560539136;;;1530624817560539136;
lo_fi_urc;ghostgives;;;;;;;;;;;;;Mentions;28/05/2022 18:59;"RT @GhostGives: StatTrak AWP | HYPERBEAST
Giveaway??
(250$)

To do:
- retweet
- follow me &amp; @VenixGives 
- tag 2 friends
- turn on notificat…";;;;28/05/2022 18:59;https://twitter.com/#!/lo_fi_urc/status/1530624817560539136;;;1530624817560539136;
pickaw_gayy;phibbix;;;;;;;;;;;;;Mentions;28/05/2022 18:59;"RT @PhibbiX: ??30$ AK-47 I Asiimov Giveaway ??

??RT + Tag a friend 
??Show some love: https://t.co/H0K0lwdjil
??Post Proof

#csgo #csgogivea…";https://www.youtube.com/watch?v=DkNElnvHJc0&feature=youtu.be;youtube.com;csgo;28/05/2022 18:59;https://twitter.com/#!/pickaw_gayy/status/1530624822006657024;;;1530624822006657024;
pickaw_gayy;tonyeditss;;;;;;;;;;;;;Mentions;28/05/2022 18:56;"RT @tonyeditss: ??? Hand Wraps | Desert Shamagh [FT] Skin Giveaway
??Follow me
??Like &amp; RT
??Show love on my new video.
(must leave proof)
h…";;;;28/05/2022 18:56;https://twitter.com/#!/pickaw_gayy/status/1530624191908966400;;;1530624191908966400;
bitsy010;sku11ster;;;;;;;;;;;;;Mentions;28/05/2022 18:59;"RT @sku11ster: ?? $22 AK-47 EMPRESS
#CSGOGiveaway  ??

To Enter:

?-Retweet 
?-Like &amp; Sub:
https://t.co/K2LkwpHfVM
(Post Proof)

Good luck ??-…";https://www.youtube.com/watch?v=N4BRw38Bt60&feature=youtu.be;youtube.com;csgogiveaway;28/05/2022 18:59;https://twitter.com/#!/bitsy010/status/1530624888398131205;;;1530624888398131205;
marcin66273638;markcsgoyt;;;;;;;;;;;;;Mentions;28/05/2022 18:59;"RT @sku11ster: ?? AK-47 Slate (FN)
#CSGOGiveaway  ??

To Enter:

?-Retweet &amp; Follow: @Markcsgoyt
?-Like &amp; Sub:
https://t.co/plnEqjIEyO
(Post…";https://www.youtube.com/watch?v=OgSuM_IE_cM&feature=youtu.be;youtube.com;csgogiveaway;28/05/2022 18:59;https://twitter.com/#!/marcin66273638/status/1530624898883805188;;;1530624898883805188;
marcin66273638;sku11ster;;;;;;;;;;;;;Mentions;28/05/2022 18:59;"RT @sku11ster: ?? AK-47 Slate (FN)
#CSGOGiveaway  ??

To Enter:

?-Retweet &amp; Follow: @Markcsgoyt
?-Like &amp; Sub:
https://t.co/plnEqjIEyO
(Post…";https://www.youtube.com/watch?v=OgSuM_IE_cM&feature=youtu.be;youtube.com;csgogiveaway;28/05/2022 18:59;https://twitter.com/#!/marcin66273638/status/1530624898883805188;;;1530624898883805188;
jasinsides;cr0n0s;;;;;;;;;;;;;Mentions;28/05/2022 18:59;@aidkitcsgo @XPortalesports @TeamBLINK_ @BLUEJAYS_Sports @kyxsancsgo @CacaNitooo @styleez_csgo @csgodan1 @Cr0n0s gz brate well deservee;;;;28/05/2022 18:59;https://twitter.com/#!/jasinsides/status/1530624912607657986;;;1530624912607657986;1530620236667527169
jasinsides;csgodan1;;;;;;;;;;;;;Mentions;28/05/2022 18:59;@aidkitcsgo @XPortalesports @TeamBLINK_ @BLUEJAYS_Sports @kyxsancsgo @CacaNitooo @styleez_csgo @csgodan1 @Cr0n0s gz brate well deservee;;;;28/05/2022 18:59;https://twitter.com/#!/jasinsides/status/1530624912607657986;;;1530624912607657986;1530620236667527169
jasinsides;styleez_csgo;;;;;;;;;;;;;Mentions;28/05/2022 18:59;@aidkitcsgo @XPortalesports @TeamBLINK_ @BLUEJAYS_Sports @kyxsancsgo @CacaNitooo @styleez_csgo @csgodan1 @Cr0n0s gz brate well deservee;;;;28/05/2022 18:59;https://twitter.com/#!/jasinsides/status/1530624912607657986;;;1530624912607657986;1530620236667527169
jasinsides;cacanitooo;;;;;;;;;;;;;Mentions;28/05/2022 18:59;@aidkitcsgo @XPortalesports @TeamBLINK_ @BLUEJAYS_Sports @kyxsancsgo @CacaNitooo @styleez_csgo @csgodan1 @Cr0n0s gz brate well deservee;;;;28/05/2022 18:59;https://twitter.com/#!/jasinsides/status/1530624912607657986;;;1530624912607657986;1530620236667527169
jasinsides;kyxsancsgo;;;;;;;;;;;;;Mentions;28/05/2022 18:59;@aidkitcsgo @XPortalesports @TeamBLINK_ @BLUEJAYS_Sports @kyxsancsgo @CacaNitooo @styleez_csgo @csgodan1 @Cr0n0s gz brate well deservee;;;;28/05/2022 18:59;https://twitter.com/#!/jasinsides/status/1530624912607657986;;;1530624912607657986;1530620236667527169
jasinsides;bluejays_sports;;;;;;;;;;;;;Mentions;28/05/2022 18:59;@aidkitcsgo @XPortalesports @TeamBLINK_ @BLUEJAYS_Sports @kyxsancsgo @CacaNitooo @styleez_csgo @csgodan1 @Cr0n0s gz brate well deservee;;;;28/05/2022 18:59;https://twitter.com/#!/jasinsides/status/1530624912607657986;;;1530624912607657986;1530620236667527169
jasinsides;teamblink_;;;;;;;;;;;;;Mentions;28/05/2022 18:59;@aidkitcsgo @XPortalesports @TeamBLINK_ @BLUEJAYS_Sports @kyxsancsgo @CacaNitooo @styleez_csgo @csgodan1 @Cr0n0s gz brate well deservee;;;;28/05/2022 18:59;https://twitter.com/#!/jasinsides/status/1530624912607657986;;;1530624912607657986;1530620236667527169
jasinsides;xportalesports;;;;;;;;;;;;;Mentions;28/05/2022 18:59;@aidkitcsgo @XPortalesports @TeamBLINK_ @BLUEJAYS_Sports @kyxsancsgo @CacaNitooo @styleez_csgo @csgodan1 @Cr0n0s gz brate well deservee;;;;28/05/2022 18:59;https://twitter.com/#!/jasinsides/status/1530624912607657986;;;1530624912607657986;1530620236667527169
jasinsides;aidkitcsgo;;;;;;;;;;;;;Replies to;28/05/2022 18:59;@aidkitcsgo @XPortalesports @TeamBLINK_ @BLUEJAYS_Sports @kyxsancsgo @CacaNitooo @styleez_csgo @csgodan1 @Cr0n0s gz brate well deservee;;;;28/05/2022 18:59;https://twitter.com/#!/jasinsides/status/1530624912607657986;;;1530624912607657986;1530620236667527169
streamerwallcom;matthewmacphee_;;;;;;;;;;;;;Mentions;28/05/2022 18:59;"RT @MatthewMacphee_: GIVEAWAY TIME - We are giving away a AK-47 Disruptor (FN)($13)!
All you have to do is be a follower on twitter and lik…";;;;28/05/2022 18:59;https://twitter.com/#!/streamerwallcom/status/1530624945428086785;;;1530624945428086785;
gainfollowersio;matthewmacphee_;;;;;;;;;;;;;Mentions;28/05/2022 19:00;"RT @MatthewMacphee_: GIVEAWAY TIME - We are giving away a AK-47 Disruptor (FN)($13)!
All you have to do is be a follower on twitter and lik…";;;;28/05/2022 19:00;https://twitter.com/#!/gainfollowersio/status/1530624950666727425;;;1530624950666727425;
zertysto;asscdawn;;;;;;;;;;;;;Mentions;28/05/2022 18:56;"RT @hellcasecom: ?? Tag The Best Friend &amp; Like
?? Follow us
?? Retweet this post
?? The last winner was @asscdawn 
 
#hellcase #csgo #csgoskin…";;;hellcase csgo csgoskin;28/05/2022 18:56;https://twitter.com/#!/zertysto/status/1530624132928397314;;;1530624132928397314;
zertysto;anycdkey;;;;;;;;;;;;;Mentions;28/05/2022 19:00;"RT @Destructum: ??New Giveaway to thanks my recent sponsors??

?? M4A1-S Night Terror FT

? Follow
@CsgoGoopy
@JERIKOCSGO 
@NERFapp 
@anycdkey…";;;;28/05/2022 19:00;https://twitter.com/#!/zertysto/status/1530624955007770626;;;1530624955007770626;
zertysto;nerfapp;;;;;;;;;;;;;Mentions;28/05/2022 19:00;"RT @Destructum: ??New Giveaway to thanks my recent sponsors??

?? M4A1-S Night Terror FT

? Follow
@CsgoGoopy
@JERIKOCSGO 
@NERFapp 
@anycdkey…";;;;28/05/2022 19:00;https://twitter.com/#!/zertysto/status/1530624955007770626;;;1530624955007770626;
zertysto;jerikocsgo;;;;;;;;;;;;;Mentions;28/05/2022 19:00;"RT @Destructum: ??New Giveaway to thanks my recent sponsors??

?? M4A1-S Night Terror FT

? Follow
@CsgoGoopy
@JERIKOCSGO 
@NERFapp 
@anycdkey…";;;;28/05/2022 19:00;https://twitter.com/#!/zertysto/status/1530624955007770626;;;1530624955007770626;
zertysto;csgogoopy;;;;;;;;;;;;;Mentions;28/05/2022 19:00;"RT @Destructum: ??New Giveaway to thanks my recent sponsors??

?? M4A1-S Night Terror FT

? Follow
@CsgoGoopy
@JERIKOCSGO 
@NERFapp 
@anycdkey…";;;;28/05/2022 19:00;https://twitter.com/#!/zertysto/status/1530624955007770626;;;1530624955007770626;
zertysto;destructum;;;;;;;;;;;;;Mentions;28/05/2022 19:00;"RT @Destructum: ??New Giveaway to thanks my recent sponsors??

?? M4A1-S Night Terror FT

? Follow
@CsgoGoopy
@JERIKOCSGO 
@NERFapp 
@anycdkey…";;;;28/05/2022 19:00;https://twitter.com/#!/zertysto/status/1530624955007770626;;;1530624955007770626;
zertysto;hellcasecom;;;;;;;;;;;;;Mentions;28/05/2022 18:56;"RT @hellcasecom: ?? Tag The Best Friend &amp; Like
?? Follow us
?? Retweet this post
?? The last winner was @asscdawn 
 
#hellcase #csgo #csgoskin…";;;hellcase csgo csgoskin;28/05/2022 18:56;https://twitter.com/#!/zertysto/status/1530624132928397314;;;1530624132928397314;
daddyskinscsgo;daddyskinscsgo;;;;;;;;;;;;;Tweet;28/05/2022 19:00;Bubble tea gun in CSGO https://t.co/kif0PtNZ8D;;;;28/05/2022 19:00;https://twitter.com/#!/daddyskinscsgo/status/1530624955720749058;;;1530624955720749058;
younghbk30;lousaidwat;;;;;;;;;;;;;Replies to;28/05/2022 19:00;@Lousaidwat CSGO;;;;28/05/2022 19:00;https://twitter.com/#!/younghbk30/status/1530624956643610625;;;1530624956643610625;1530607709053243393
babou81508373;dawiddddk;;;;;;;;;;;;;Mentions;28/05/2022 18:56;"RT @DawiddddK: CS:GO GIVEAWAY?

USP-S | Whiteout

To enter:
-Follow me
-RT &amp; Like
-Tag 1 friend.

April 1st draw.
#CSGOGiveaway #csgoskinsg…";;;csgogiveaway;28/05/2022 18:56;https://twitter.com/#!/babou81508373/status/1530623981954519045;;;1530623981954519045;
babou81508373;hottakescsgo;;;;;;;;;;;;;Mentions;28/05/2022 18:56;"RT @1Mxchael: Awp fever dream FT give away follow @1Mxchael &amp; @HottakesCsgo and retweet. Ending giveaway 6/01 #CSGO #CSGOGiveaway #CSGOSKIN…";;;csgo csgogiveaway csgoskin;28/05/2022 18:56;https://twitter.com/#!/babou81508373/status/1530624049499586561;;;1530624049499586561;
babou81508373;1mxchael;;;;;;;;;;;;;Mentions;28/05/2022 18:56;"RT @1Mxchael: Awp fever dream FT give away follow @1Mxchael &amp; @HottakesCsgo and retweet. Ending giveaway 6/01 #CSGO #CSGOGiveaway #CSGOSKIN…";;;csgo csgogiveaway csgoskin;28/05/2022 18:56;https://twitter.com/#!/babou81508373/status/1530624049499586561;;;1530624049499586561;
babou81508373;refflexon;;;;;;;;;;;;;Mentions;28/05/2022 18:56;"RT @refflexon: ?? Glock-18 | Vogue [FT] GIVEAWAY ??

To enter:

?? Retweet
?? Follow me 
?? Tag a friend

?? Ends in 7 days

#CSGO #CSGOGiveaway…";;;csgo csgogiveaway;28/05/2022 18:56;https://twitter.com/#!/babou81508373/status/1530624091509645312;;;1530624091509645312;
babou81508373;cylock1337;;;;;;;;;;;;;Mentions;28/05/2022 18:56;"RT @LuginBr: ??Giveaway: Ursus Tiger Tooth [FN]

?Retweet
?Follow @Cylock1337 &amp; @LuginBr 

?72h

#csgoskins #csgogiveaway #csgoskinsgiveaway…";;;csgoskins csgogiveaway csgoskinsgiveaway;28/05/2022 18:56;https://twitter.com/#!/babou81508373/status/1530624123550019584;;;1530624123550019584;
babou81508373;luginbr;;;;;;;;;;;;;Mentions;28/05/2022 18:56;"RT @LuginBr: ??Giveaway: Ursus Tiger Tooth [FN]

?Retweet
?Follow @Cylock1337 &amp; @LuginBr 

?72h

#csgoskins #csgogiveaway #csgoskinsgiveaway…";;;csgoskins csgogiveaway csgoskinsgiveaway;28/05/2022 18:56;https://twitter.com/#!/babou81508373/status/1530624123550019584;;;1530624123550019584;
babou81508373;p1mycs;;;;;;;;;;;;;Mentions;28/05/2022 18:56;"RT @P1myCS: CS:GO GIVEAWAY: 
??AWP | Asiimov 90$  (Field Tested)??

??To enter :

?Follow @P1myCS  
?Retweet
?Tag two friends

Thats it!
Ends…";;;;28/05/2022 18:56;https://twitter.com/#!/babou81508373/status/1530624164721311744;;;1530624164721311744;
babou81508373;caze_gaming;;;;;;;;;;;;;Mentions;28/05/2022 18:57;"RT @CAZE_GAMING: ??M4A1-S PRINTSTREAM GIVEAWAY ($120)??

TO ENTER:
?Like + retweet + follow me
?Like the vid and sub https://t.co/KVy3ZO8aDN…";https://www.youtube.com/watch?v=yxcIdU57BtA&feature=youtu.be;youtube.com;;28/05/2022 18:57;https://twitter.com/#!/babou81508373/status/1530624397437980675;;;1530624397437980675;
babou81508373;scleague_net;;;;;;;;;;;;;Mentions;28/05/2022 18:58;"RT @Kazu_Store: ?? #PGLMajor  Knife Giveaway??

??? Bowie | Blue Steel??

-Follow @scleague_net &amp; @Kazu_Store 
-Like and RT????
-Tag a friend…";;;pglmajor;28/05/2022 18:58;https://twitter.com/#!/babou81508373/status/1530624535036297216;;;1530624535036297216;
babou81508373;kazu_store;;;;;;;;;;;;;Mentions;28/05/2022 18:58;"RT @Kazu_Store: ?? #PGLMajor  Knife Giveaway??

??? Bowie | Blue Steel??

-Follow @scleague_net &amp; @Kazu_Store 
-Like and RT????
-Tag a friend…";;;pglmajor;28/05/2022 18:58;https://twitter.com/#!/babou81508373/status/1530624535036297216;;;1530624535036297216;
babou81508373;venixgives;;;;;;;;;;;;;Mentions;28/05/2022 18:58;"RT @GhostGives: StatTrak AWP | HYPERBEAST
Giveaway??
(250$)

To do:
- retweet
- follow me &amp; @VenixGives 
- tag 2 friends
- turn on notificat…";;;;28/05/2022 18:58;https://twitter.com/#!/babou81508373/status/1530624592640876548;;;1530624592640876548;
babou81508373;ghostgives;;;;;;;;;;;;;Mentions;28/05/2022 18:58;"RT @GhostGives: StatTrak AWP | HYPERBEAST
Giveaway??
(250$)

To do:
- retweet
- follow me &amp; @VenixGives 
- tag 2 friends
- turn on notificat…";;;;28/05/2022 18:58;https://twitter.com/#!/babou81508373/status/1530624592640876548;;;1530624592640876548;
babou81508373;jayanta1035;;;;;;;;;;;;;Mentions;28/05/2022 18:59;"RT @hellcasecom: ?? Tag The Best Friend &amp; Like
?? Follow us
?? Retweet this post
?? The last winner was @jayanta1035 
 
#hellcase #csgo #csgosk…";;;hellcase csgo;28/05/2022 18:59;https://twitter.com/#!/babou81508373/status/1530624842290057218;;;1530624842290057218;
babou81508373;hellcasecom;;;;;;;;;;;;;Mentions;28/05/2022 18:59;"RT @hellcasecom: ?? Tag The Best Friend &amp; Like
?? Follow us
?? Retweet this post
?? The last winner was @jayanta1035 
 
#hellcase #csgo #csgosk…";;;hellcase csgo;28/05/2022 18:59;https://twitter.com/#!/babou81508373/status/1530624842290057218;;;1530624842290057218;
babou81508373;matthewmacphee_;;;;;;;;;;;;;Mentions;28/05/2022 18:59;"RT @MatthewMacphee_: GIVEAWAY TIME - We are giving away a AK-47 Disruptor (FN)($13)!
All you have to do is be a follower on twitter and lik…";;;;28/05/2022 18:59;https://twitter.com/#!/babou81508373/status/1530624913966514176;;;1530624913966514176;
babou81508373;flamecasescom;;;;;;;;;;;;;Mentions;28/05/2022 19:00;"RT @flamecasescom: Giveaway Time ! ! !

? 48H Giveaway!

?? AK-47 Phantom Disruptor ??

To Win:
??Follow Us
??Retweet this post
??Tag 2 friend…";;;;28/05/2022 19:00;https://twitter.com/#!/babou81508373/status/1530624962184216584;;;1530624962184216584;
babou81508373;idleheroestt;;;;;;;;;;;;;Mentions;28/05/2022 18:57;"RT @IdleHeroesTT: ??60$ AK-47 | Bloodsport FT GIVEAWAY??

??Follow Me
??RT + TAG 1 
??Show some Love on the new SKINCLUB video!
(must show pr…";;;;28/05/2022 18:57;https://twitter.com/#!/babou81508373/status/1530624255230152707;;;1530624255230152707;
openstudios1;openstudios1;;;;;;;;;;;;;Tweet;28/05/2022 19:00;Every helpdesk needs to install one of these https://t.co/hvxQBrrgxz  #gaming #news #gamer #australia #gamers #love… https://t.co/AecyO6PLiv;https://www.reddit.com/r/iiiiiiitttttttttttt/comments/tg8v80/every_helpdesk_needs_to_install_one_of_these/ https://twitter.com/i/web/status/1530624965602836480;reddit.com twitter.com;gaming news gamer australia gamers love;28/05/2022 19:00;https://twitter.com/#!/openstudios1/status/1530624965602836480;;;1530624965602836480;
easyskins_com;easyskins_com;;;;;;;;;;;;;Tweet;28/05/2022 19:00;"Skeleton

Like it? Tag your friend in comment!
?
#easyskins #csgo #globaloffensive #gaming #csgomemes #memes… https://t.co/8yze6K73r6";https://twitter.com/i/web/status/1530624974918242308;twitter.com;easyskins csgo globaloffensive gaming csgomemes memes;28/05/2022 19:00;https://twitter.com/#!/easyskins_com/status/1530624974918242308;;;1530624974918242308;
stailbread2;pengwin3d;;;;;;;;;;;;;Mentions;28/05/2022 19:00;RT @Pengwin3D: csgo funnies @stailbread2 https://t.co/MmTcbhKk2P;;;;28/05/2022 19:00;https://twitter.com/#!/stailbread2/status/1530624993738084352;;;1530624993738084352;
victor76930;ooriime;;;;;;;;;;;;;Mentions;28/05/2022 19:00;"RT @nayteFN: Qualif pour les play-offs Open Tour France ??? 

Très content de mes mates ??
@NRKcsgo 
@sabAAA_CSGO 
@kheopsZEEER 
@Ooriime 

d…";;;;28/05/2022 19:00;https://twitter.com/#!/victor76930/status/1530625030039691266;;;1530625030039691266;
victor76930;kheopszeeer;;;;;;;;;;;;;Mentions;28/05/2022 19:00;"RT @nayteFN: Qualif pour les play-offs Open Tour France ??? 

Très content de mes mates ??
@NRKcsgo 
@sabAAA_CSGO 
@kheopsZEEER 
@Ooriime 

d…";;;;28/05/2022 19:00;https://twitter.com/#!/victor76930/status/1530625030039691266;;;1530625030039691266;
victor76930;sabaaa_csgo;;;;;;;;;;;;;Mentions;28/05/2022 19:00;"RT @nayteFN: Qualif pour les play-offs Open Tour France ??? 

Très content de mes mates ??
@NRKcsgo 
@sabAAA_CSGO 
@kheopsZEEER 
@Ooriime 

d…";;;;28/05/2022 19:00;https://twitter.com/#!/victor76930/status/1530625030039691266;;;1530625030039691266;
victor76930;nrkcsgo;;;;;;;;;;;;;Mentions;28/05/2022 19:00;"RT @nayteFN: Qualif pour les play-offs Open Tour France ??? 

Très content de mes mates ??
@NRKcsgo 
@sabAAA_CSGO 
@kheopsZEEER 
@Ooriime 

d…";;;;28/05/2022 19:00;https://twitter.com/#!/victor76930/status/1530625030039691266;;;1530625030039691266;
victor76930;naytefn;;;;;;;;;;;;;Mentions;28/05/2022 19:00;"RT @nayteFN: Qualif pour les play-offs Open Tour France ??? 

Très content de mes mates ??
@NRKcsgo 
@sabAAA_CSGO 
@kheopsZEEER 
@Ooriime 

d…";;;;28/05/2022 19:00;https://twitter.com/#!/victor76930/status/1530625030039691266;;;1530625030039691266;
poompze;natusvincere;;;;;;;;;;;;;Mentions;28/05/2022 19:00;"RT @natusvincere: We’re ready to announce the changes in NAVI #CSGO roaster. 

??: https://t.co/jAcRKPj3A9
#navination https://t.co/nozBXHXu…";https://navi.gg/publications/navi-csgo-changes-may;navi.gg;csgo navination;28/05/2022 19:00;https://twitter.com/#!/poompze/status/1530624970518323206;;;1530624970518323206;
poompze;csgohistories;;;;;;;;;;;;;Mentions;28/05/2022 19:00;"RT @CSGOhistories: FIRST ASTRALIS CSGO ROSTER

Andreas “Xyp9x” Højsleth,
René “cajunb” Borg,
Nicolai “dev1ce” Reedtz,
Finn “karrigan” Ander…";;;;28/05/2022 19:00;https://twitter.com/#!/poompze/status/1530625050503794692;;;1530625050503794692;
mohammadmuneef3;youtube;;;;;;;;;;;;;Mentions;28/05/2022 19:00;"RT @tarik: Can 1 Pro Beat 3 Noobs in CSGO? | BROS vs PROS | ft. Ludwig, Atrioc &amp; Stanz https://t.co/iDCGNi5b7j via @YouTube";https://www.youtube.com/watch?v=ZcD58psaSOI&feature=youtu.be;youtube.com;;28/05/2022 19:00;https://twitter.com/#!/mohammadmuneef3/status/1530625053301166080;;;1530625053301166080;
mohammadmuneef3;tarik;;;;;;;;;;;;;Mentions;28/05/2022 19:00;"RT @tarik: Can 1 Pro Beat 3 Noobs in CSGO? | BROS vs PROS | ft. Ludwig, Atrioc &amp; Stanz https://t.co/iDCGNi5b7j via @YouTube";https://www.youtube.com/watch?v=ZcD58psaSOI&feature=youtu.be;youtube.com;;28/05/2022 19:00;https://twitter.com/#!/mohammadmuneef3/status/1530625053301166080;;;1530625053301166080;
dnzr_csgo;realmadrid;;;;;;;;;;;;;Mentions;28/05/2022 19:00;"@LFC vs @realmadrid who are you  cheering for Salah or Benzema
#UEFAChampionsLeague #UEFAChampionsleagueFinal2022
#UEFAChampionsLeague";;;uefachampionsleague uefachampionsleaguefinal2022 uefachampionsleague;28/05/2022 19:00;https://twitter.com/#!/dnzr_csgo/status/1530625087812030465;;;1530625087812030465;
dnzr_csgo;lfc;;;;;;;;;;;;;Replies to;28/05/2022 19:00;"@LFC vs @realmadrid who are you  cheering for Salah or Benzema
#UEFAChampionsLeague #UEFAChampionsleagueFinal2022
#UEFAChampionsLeague";;;uefachampionsleague uefachampionsleaguefinal2022 uefachampionsleague;28/05/2022 19:00;https://twitter.com/#!/dnzr_csgo/status/1530625087812030465;;;1530625087812030465;
leandro97pt;gallecsgo;;;;;;;;;;;;;Mentions;28/05/2022 18:58;"RT @GalleCsgo: ?? CS:GO GIVEAWAY ??

 ??  USP-S TICKET TO HELL MW (4$) ?? 

?? TO ENTER:

? Follow me + Retweet

? Like + Coment + Sub this vid…";;;;28/05/2022 18:58;https://twitter.com/#!/leandro97pt/status/1530624524835868673;;;1530624524835868673;
leandro97pt;sku11ster;;;;;;;;;;;;;Mentions;28/05/2022 19:00;"RT @sku11ster: ?? $22 AK-47 EMPRESS
#CSGOGiveaway  ??

To Enter:

?-Retweet 
?-Like &amp; Sub:
https://t.co/K2LkwpHfVM
(Post Proof)

Good luck ??-…";https://www.youtube.com/watch?v=N4BRw38Bt60&feature=youtu.be;youtube.com;csgogiveaway;28/05/2022 19:00;https://twitter.com/#!/leandro97pt/status/1530625098042032128;;;1530625098042032128;
fatjong77;idleheroestt;;;;;;;;;;;;;Mentions;28/05/2022 18:56;"RT @IdleHeroesTT: ??60$ StatTrak™ USP-S | Neo-Noir GIVEAWAY??

??Follow Me
??RT + TAG 1 
??Show some Love on the new CSBRO video!
(must show…";;;;28/05/2022 18:56;https://twitter.com/#!/fatjong77/status/1530624019606691842;;;1530624019606691842;
fatjong77;syynxfnr;;;;;;;;;;;;;Mentions;28/05/2022 18:57;"RT @M1zzFN: ??AWP Asiimov GIVEAWAY ($120)??

To enter:
-Retweet &amp; Follow @syynxfnr
-Tag 2 Friends
 
#CSGOGiveaway #CSGO #CSGOSkins 

The winn…";;;csgogiveaway csgo csgoskins;28/05/2022 18:57;https://twitter.com/#!/fatjong77/status/1530624429700571138;;;1530624429700571138;
fatjong77;m1zzfn;;;;;;;;;;;;;Mentions;28/05/2022 18:57;"RT @M1zzFN: ??AWP Asiimov GIVEAWAY ($120)??

To enter:
-Retweet &amp; Follow @syynxfnr
-Tag 2 Friends
 
#CSGOGiveaway #CSGO #CSGOSkins 

The winn…";;;csgogiveaway csgo csgoskins;28/05/2022 18:57;https://twitter.com/#!/fatjong77/status/1530624429700571138;;;1530624429700571138;
fatjong77;casinocurd;;;;;;;;;;;;;Mentions;28/05/2022 19:00;"RT @Tomas1120_: ?? CS:GO GIVEAWAY ??

?? AK-47 | Asiimov ($23)

?? TO ENTER:

? Follow me &amp; @CasinoCurd
? Retweet
? Watch/Like: https://t.co/Z…";;;;28/05/2022 19:00;https://twitter.com/#!/fatjong77/status/1530625156757979136;;;1530625156757979136;
fatjong77;tomas1120_;;;;;;;;;;;;;Mentions;28/05/2022 19:00;"RT @Tomas1120_: ?? CS:GO GIVEAWAY ??

?? AK-47 | Asiimov ($23)

?? TO ENTER:

? Follow me &amp; @CasinoCurd
? Retweet
? Watch/Like: https://t.co/Z…";;;;28/05/2022 19:00;https://twitter.com/#!/fatjong77/status/1530625156757979136;;;1530625156757979136;
kurtbakisli05;tonyeditss;;;;;;;;;;;;;Mentions;28/05/2022 18:59;"RT @tonyeditss: ??? Hand Wraps | Desert Shamagh [FT] Skin Giveaway
??Follow me
??Like &amp; RT
??Show love on my new video.
(must leave proof)
h…";;;;28/05/2022 18:59;https://twitter.com/#!/kurtbakisli05/status/1530624939564441602;;;1530624939564441602;
kurtbakisli05;markcsgoyt;;;;;;;;;;;;;Mentions;28/05/2022 19:00;"RT @sku11ster: ?? AK-47 Slate (FN)
#CSGOGiveaway  ??

To Enter:

?-Retweet &amp; Follow: @Markcsgoyt
?-Like &amp; Sub:
https://t.co/plnEqjIEyO
(Post…";https://www.youtube.com/watch?v=OgSuM_IE_cM&feature=youtu.be;youtube.com;csgogiveaway;28/05/2022 19:00;https://twitter.com/#!/kurtbakisli05/status/1530625176748101632;;;1530625176748101632;
kurtbakisli05;sku11ster;;;;;;;;;;;;;Mentions;28/05/2022 18:58;"RT @sku11ster: ?? $22 AK-47 EMPRESS
#CSGOGiveaway  ??

To Enter:

?-Retweet 
?-Like &amp; Sub:
https://t.co/K2LkwpHfVM
(Post Proof)

Good luck ??-…";https://www.youtube.com/watch?v=N4BRw38Bt60&feature=youtu.be;youtube.com;csgogiveaway;28/05/2022 18:58;https://twitter.com/#!/kurtbakisli05/status/1530624683225366529;;;1530624683225366529;
kurtbakisli05;sku11ster;;;;;;;;;;;;;Mentions;28/05/2022 19:00;"RT @sku11ster: ?? AK-47 Slate (FN)
#CSGOGiveaway  ??

To Enter:

?-Retweet &amp; Follow: @Markcsgoyt
?-Like &amp; Sub:
https://t.co/plnEqjIEyO
(Post…";https://www.youtube.com/watch?v=OgSuM_IE_cM&feature=youtu.be;youtube.com;csgogiveaway;28/05/2022 19:00;https://twitter.com/#!/kurtbakisli05/status/1530625176748101632;;;1530625176748101632;
antxinerx;mshz_csgo;;;;;;;;;;;;;Mentions;28/05/2022 18:59;@Snickers697 @louhngle @MixanceGG @Maylie_tv @MelHssn @meganee_e @Kiiracs @mshz_CSGO genant ??;;;;28/05/2022 18:59;https://twitter.com/#!/antxinerx/status/1530624823537373186;;;1530624823537373186;1530622800075046912
snickers697;mshz_csgo;;;;;;;;;;;;;Mentions;28/05/2022 19:01;@antxinerx @louhngle @MixanceGG @Maylie_tv @MelHssn @meganee_e @Kiiracs @mshz_CSGO une phrase réel fait réagir le rageux;;;;28/05/2022 19:01;https://twitter.com/#!/snickers697/status/1530625215562240002;;;1530625215562240002;1530624823537373186
antxinerx;kiiracs;;;;;;;;;;;;;Mentions;28/05/2022 18:59;@Snickers697 @louhngle @MixanceGG @Maylie_tv @MelHssn @meganee_e @Kiiracs @mshz_CSGO genant ??;;;;28/05/2022 18:59;https://twitter.com/#!/antxinerx/status/1530624823537373186;;;1530624823537373186;1530622800075046912
snickers697;kiiracs;;;;;;;;;;;;;Mentions;28/05/2022 19:01;@antxinerx @louhngle @MixanceGG @Maylie_tv @MelHssn @meganee_e @Kiiracs @mshz_CSGO une phrase réel fait réagir le rageux;;;;28/05/2022 19:01;https://twitter.com/#!/snickers697/status/1530625215562240002;;;1530625215562240002;1530624823537373186
antxinerx;meganee_e;;;;;;;;;;;;;Mentions;28/05/2022 18:59;@Snickers697 @louhngle @MixanceGG @Maylie_tv @MelHssn @meganee_e @Kiiracs @mshz_CSGO genant ??;;;;28/05/2022 18:59;https://twitter.com/#!/antxinerx/status/1530624823537373186;;;1530624823537373186;1530622800075046912
snickers697;meganee_e;;;;;;;;;;;;;Mentions;28/05/2022 19:01;@antxinerx @louhngle @MixanceGG @Maylie_tv @MelHssn @meganee_e @Kiiracs @mshz_CSGO une phrase réel fait réagir le rageux;;;;28/05/2022 19:01;https://twitter.com/#!/snickers697/status/1530625215562240002;;;1530625215562240002;1530624823537373186
antxinerx;melhssn;;;;;;;;;;;;;Mentions;28/05/2022 18:59;@Snickers697 @louhngle @MixanceGG @Maylie_tv @MelHssn @meganee_e @Kiiracs @mshz_CSGO genant ??;;;;28/05/2022 18:59;https://twitter.com/#!/antxinerx/status/1530624823537373186;;;1530624823537373186;1530622800075046912
snickers697;melhssn;;;;;;;;;;;;;Mentions;28/05/2022 19:01;@antxinerx @louhngle @MixanceGG @Maylie_tv @MelHssn @meganee_e @Kiiracs @mshz_CSGO une phrase réel fait réagir le rageux;;;;28/05/2022 19:01;https://twitter.com/#!/snickers697/status/1530625215562240002;;;1530625215562240002;1530624823537373186
antxinerx;maylie_tv;;;;;;;;;;;;;Mentions;28/05/2022 18:59;@Snickers697 @louhngle @MixanceGG @Maylie_tv @MelHssn @meganee_e @Kiiracs @mshz_CSGO genant ??;;;;28/05/2022 18:59;https://twitter.com/#!/antxinerx/status/1530624823537373186;;;1530624823537373186;1530622800075046912
snickers697;maylie_tv;;;;;;;;;;;;;Mentions;28/05/2022 19:01;@antxinerx @louhngle @MixanceGG @Maylie_tv @MelHssn @meganee_e @Kiiracs @mshz_CSGO une phrase réel fait réagir le rageux;;;;28/05/2022 19:01;https://twitter.com/#!/snickers697/status/1530625215562240002;;;1530625215562240002;1530624823537373186
antxinerx;mixancegg;;;;;;;;;;;;;Mentions;28/05/2022 18:59;@Snickers697 @louhngle @MixanceGG @Maylie_tv @MelHssn @meganee_e @Kiiracs @mshz_CSGO genant ??;;;;28/05/2022 18:59;https://twitter.com/#!/antxinerx/status/1530624823537373186;;;1530624823537373186;1530622800075046912
snickers697;mixancegg;;;;;;;;;;;;;Mentions;28/05/2022 19:01;@antxinerx @louhngle @MixanceGG @Maylie_tv @MelHssn @meganee_e @Kiiracs @mshz_CSGO une phrase réel fait réagir le rageux;;;;28/05/2022 19:01;https://twitter.com/#!/snickers697/status/1530625215562240002;;;1530625215562240002;1530624823537373186
antxinerx;louhngle;;;;;;;;;;;;;Mentions;28/05/2022 18:59;@Snickers697 @louhngle @MixanceGG @Maylie_tv @MelHssn @meganee_e @Kiiracs @mshz_CSGO genant ??;;;;28/05/2022 18:59;https://twitter.com/#!/antxinerx/status/1530624823537373186;;;1530624823537373186;1530622800075046912
snickers697;louhngle;;;;;;;;;;;;;Mentions;28/05/2022 19:01;@antxinerx @louhngle @MixanceGG @Maylie_tv @MelHssn @meganee_e @Kiiracs @mshz_CSGO une phrase réel fait réagir le rageux;;;;28/05/2022 19:01;https://twitter.com/#!/snickers697/status/1530625215562240002;;;1530625215562240002;1530624823537373186
antxinerx;snickers697;;;;;;;;;;;;;Replies to;28/05/2022 18:59;@Snickers697 @louhngle @MixanceGG @Maylie_tv @MelHssn @meganee_e @Kiiracs @mshz_CSGO genant ??;;;;28/05/2022 18:59;https://twitter.com/#!/antxinerx/status/1530624823537373186;;;1530624823537373186;1530622800075046912
snickers697;antxinerx;;;;;;;;;;;;;Replies to;28/05/2022 19:01;@antxinerx @louhngle @MixanceGG @Maylie_tv @MelHssn @meganee_e @Kiiracs @mshz_CSGO une phrase réel fait réagir le rageux;;;;28/05/2022 19:01;https://twitter.com/#!/snickers697/status/1530625215562240002;;;1530625215562240002;1530624823537373186
kyxsancsgo;cs;;;;;;;;;;;;;Mentions;28/05/2022 19:01;"RT @aidkitcsgo: Champions of @XPortalesports . Won vs @TeamBLINK_ 2-0.

So happy @BLUEJAYS_Sports @kyxsancsgo @CacaNitooo @styleez_csgo @cs…";;;;28/05/2022 19:01;https://twitter.com/#!/kyxsancsgo/status/1530625228283559942;;;1530625228283559942;
kyxsancsgo;styleez_csgo;;;;;;;;;;;;;Mentions;28/05/2022 19:01;"RT @aidkitcsgo: Champions of @XPortalesports . Won vs @TeamBLINK_ 2-0.

So happy @BLUEJAYS_Sports @kyxsancsgo @CacaNitooo @styleez_csgo @cs…";;;;28/05/2022 19:01;https://twitter.com/#!/kyxsancsgo/status/1530625228283559942;;;1530625228283559942;
kyxsancsgo;cacanitooo;;;;;;;;;;;;;Mentions;28/05/2022 19:01;"RT @aidkitcsgo: Champions of @XPortalesports . Won vs @TeamBLINK_ 2-0.

So happy @BLUEJAYS_Sports @kyxsancsgo @CacaNitooo @styleez_csgo @cs…";;;;28/05/2022 19:01;https://twitter.com/#!/kyxsancsgo/status/1530625228283559942;;;1530625228283559942;
kyxsancsgo;bluejays_sports;;;;;;;;;;;;;Mentions;28/05/2022 19:01;"RT @aidkitcsgo: Champions of @XPortalesports . Won vs @TeamBLINK_ 2-0.

So happy @BLUEJAYS_Sports @kyxsancsgo @CacaNitooo @styleez_csgo @cs…";;;;28/05/2022 19:01;https://twitter.com/#!/kyxsancsgo/status/1530625228283559942;;;1530625228283559942;
kyxsancsgo;teamblink_;;;;;;;;;;;;;Mentions;28/05/2022 19:01;"RT @aidkitcsgo: Champions of @XPortalesports . Won vs @TeamBLINK_ 2-0.

So happy @BLUEJAYS_Sports @kyxsancsgo @CacaNitooo @styleez_csgo @cs…";;;;28/05/2022 19:01;https://twitter.com/#!/kyxsancsgo/status/1530625228283559942;;;1530625228283559942;
kyxsancsgo;xportalesports;;;;;;;;;;;;;Mentions;28/05/2022 19:01;"RT @aidkitcsgo: Champions of @XPortalesports . Won vs @TeamBLINK_ 2-0.

So happy @BLUEJAYS_Sports @kyxsancsgo @CacaNitooo @styleez_csgo @cs…";;;;28/05/2022 19:01;https://twitter.com/#!/kyxsancsgo/status/1530625228283559942;;;1530625228283559942;
kyxsancsgo;aidkitcsgo;;;;;;;;;;;;;Mentions;28/05/2022 19:01;"RT @aidkitcsgo: Champions of @XPortalesports . Won vs @TeamBLINK_ 2-0.

So happy @BLUEJAYS_Sports @kyxsancsgo @CacaNitooo @styleez_csgo @cs…";;;;28/05/2022 19:01;https://twitter.com/#!/kyxsancsgo/status/1530625228283559942;;;1530625228283559942;
